storm_id,storm_name,season,track_timestamp,satellite_timestamp,lat,lon,wind_kt,pressure_hpa,category,presence,dataset_id
2020136N10088,AMPHAN,2020,2020-05-15T06:00:00+00:00,2020-05-15T06:00:00+00:00,9.5,87.5,,,Unknown,1,3DIMG_L1C_SGP
2020136N10088,AMPHAN,2020,2020-05-15T09:00:00+00:00,2020-05-15T09:00:00+00:00,9.5,87.2,,,Unknown,1,3DIMG_L1C_SGP
2020136N10088,AMPHAN,2020,2020-05-15T12:00:00+00:00,2020-05-15T12:00:00+00:00,9.5,87.0,,,Unknown,1,3DIMG_L1C_SGP
2020136N10088,AMPHAN,2020,2020-05-15T15:00:00+00:00,2020-05-15T15:00:00+00:00,9.5,86.8,,,Unknown,1,3DIMG_L1C_SGP
2020136N10088,AMPHAN,2020,2020-05-15T18:00:00+00:00,2020-05-15T18:00:00+00:00,9.5,86.6,,,Unknown,1,3DIMG_L1C_SGP
2020136N10088,AMPHAN,2020,2020-05-15T21:00:00+00:00,2020-05-15T21:00:00+00:00,9.6,86.5,,,Unknown,1,3DIMG_L1C_SGP
2020136N10088,AMPHAN,2020,2020-05-16T00:00:00+00:00,2020-05-16T00:00:00+00:00,9.8,86.4,25.0,1000.0,Depression,1,3DIMG_L1C_SGP
2020136N10088,AMPHAN,2020,2020-05-16T03:00:00+00:00,2020-05-16T03:00:00+00:00,10.1,86.2,25.0,1000.0,Depression,1,3DIMG_L1C_SGP
2020136N10088,AMPHAN,2020,2020-05-16T06:00:00+00:00,2020-05-16T06:00:00+00:00,10.3,86.1,25.0,1000.0,Depression,1,3DIMG_L1C_SGP
2020136N10088,AMPHAN,2020,2020-05-16T09:00:00+00:00,2020-05-16T09:00:00+00:00,10.5,86.1,30.0,998.0,Deep Depression,1,3DIMG_L1C_SGP
2020136N10088,AMPHAN,2020,2020-05-16T12:00:00+00:00,2020-05-16T12:00:00+00:00,10.6,86.2,35.0,996.0,Cyclonic Storm,1,3DIMG_L1C_SGP
2020136N10088,AMPHAN,2020,2020-05-16T15:00:00+00:00,2020-05-16T15:00:00+00:00,10.8,86.1,40.0,995.0,Cyclonic Storm,1,3DIMG_L1C_SGP
2020136N10088,AMPHAN,2020,2020-05-16T18:00:00+00:00,2020-05-16T18:00:00+00:00,10.9,86.1,40.0,995.0,Cyclonic Storm,1,3DIMG_L1C_SGP
2020136N10088,AMPHAN,2020,2020-05-16T21:00:00+00:00,2020-05-16T21:00:00+00:00,11.1,86.1,45.0,994.0,Cyclonic Storm,1,3DIMG_L1C_SGP
2020136N10088,AMPHAN,2020,2020-05-17T00:00:00+00:00,2020-05-17T00:00:00+00:00,11.2,86.1,45.0,993.0,Cyclonic Storm,1,3DIMG_L1C_SGP
2020136N10088,AMPHAN,2020,2020-05-17T03:00:00+00:00,2020-05-17T03:00:00+00:00,11.3,86.1,50.0,990.0,Severe Cyclonic Storm,1,3DIMG_L1C_SGP
2020136N10088,AMPHAN,2020,2020-05-17T06:00:00+00:00,2020-05-17T06:00:00+00:00,11.5,86.2,55.0,988.0,Severe Cyclonic Storm,1,3DIMG_L1C_SGP
2020136N10088,AMPHAN,2020,2020-05-17T09:00:00+00:00,2020-05-17T09:00:00+00:00,11.6,86.2,65.0,980.0,Very Severe Cyclonic Storm,1,3DIMG_L1C_SGP
2020136N10088,AMPHAN,2020,2020-05-17T12:00:00+00:00,2020-05-17T12:00:00+00:00,11.9,86.2,70.0,978.0,Very Severe Cyclonic Storm,1,3DIMG_L1C_SGP
2020136N10088,AMPHAN,2020,2020-05-17T15:00:00+00:00,2020-05-17T15:00:00+00:00,12.5,86.4,75.0,972.0,Very Severe Cyclonic Storm,1,3DIMG_L1C_SGP
2020136N10088,AMPHAN,2020,2020-05-17T18:00:00+00:00,2020-05-17T18:00:00+00:00,12.5,86.4,80.0,970.0,Very Severe Cyclonic Storm,1,3DIMG_L1C_SGP
2020136N10088,AMPHAN,2020,2020-05-17T21:00:00+00:00,2020-05-17T21:00:00+00:00,12.9,86.5,90.0,962.0,Very Severe Cyclonic Storm,1,3DIMG_L1C_SGP
2020136N10088,AMPHAN,2020,2020-05-18T00:00:00+00:00,2020-05-18T00:00:00+00:00,13.2,86.4,100.0,952.0,Extremely Severe Cyclonic Storm,1,3DIMG_L1C_SGP
2020136N10088,AMPHAN,2020,2020-05-18T03:00:00+00:00,2020-05-18T03:00:00+00:00,13.3,86.2,115.0,936.0,Extremely Severe Cyclonic Storm,1,3DIMG_L1C_SGP
2020136N10088,AMPHAN,2020,2020-05-18T06:00:00+00:00,2020-05-18T06:00:00+00:00,13.4,86.2,120.0,930.0,Super Cyclonic Storm,1,3DIMG_L1C_SGP
2020136N10088,AMPHAN,2020,2020-05-18T09:00:00+00:00,2020-05-18T09:00:00+00:00,13.7,86.2,120.0,930.0,Super Cyclonic Storm,1,3DIMG_L1C_SGP
2020136N10088,AMPHAN,2020,2020-05-18T12:00:00+00:00,2020-05-18T12:00:00+00:00,14.1,86.4,125.0,926.0,Super Cyclonic Storm,1,3DIMG_L1C_SGP
2020136N10088,AMPHAN,2020,2020-05-18T15:00:00+00:00,2020-05-18T15:00:00+00:00,14.5,86.5,125.0,926.0,Super Cyclonic Storm,1,3DIMG_L1C_SGP
2020136N10088,AMPHAN,2020,2020-05-18T18:00:00+00:00,2020-05-18T18:00:00+00:00,14.9,86.6,130.0,920.0,Super Cyclonic Storm,1,3DIMG_L1C_SGP
2020136N10088,AMPHAN,2020,2020-05-18T21:00:00+00:00,2020-05-18T21:00:00+00:00,15.2,86.7,130.0,920.0,Super Cyclonic Storm,1,3DIMG_L1C_SGP
2020136N10088,AMPHAN,2020,2020-05-19T00:00:00+00:00,2020-05-19T00:00:00+00:00,15.6,86.8,125.0,926.0,Super Cyclonic Storm,1,3DIMG_L1C_SGP
2020136N10088,AMPHAN,2020,2020-05-19T03:00:00+00:00,2020-05-19T03:00:00+00:00,16.0,86.9,120.0,930.0,Super Cyclonic Storm,1,3DIMG_L1C_SGP
2020136N10088,AMPHAN,2020,2020-05-19T06:00:00+00:00,2020-05-19T06:00:00+00:00,16.5,87.0,115.0,936.0,Extremely Severe Cyclonic Storm,1,3DIMG_L1C_SGP
2020136N10088,AMPHAN,2020,2020-05-19T09:00:00+00:00,2020-05-19T09:00:00+00:00,16.9,87.0,110.0,942.0,Extremely Severe Cyclonic Storm,1,3DIMG_L1C_SGP
2020136N10088,AMPHAN,2020,2020-05-19T12:00:00+00:00,2020-05-19T12:00:00+00:00,17.3,87.1,105.0,946.0,Extremely Severe Cyclonic Storm,1,3DIMG_L1C_SGP
2020136N10088,AMPHAN,2020,2020-05-19T15:00:00+00:00,2020-05-19T15:00:00+00:00,17.9,87.1,100.0,948.0,Extremely Severe Cyclonic Storm,1,3DIMG_L1C_SGP
2020136N10088,AMPHAN,2020,2020-05-19T18:00:00+00:00,2020-05-19T18:00:00+00:00,18.3,87.2,100.0,948.0,Extremely Severe Cyclonic Storm,1,3DIMG_L1C_SGP
2020136N10088,AMPHAN,2020,2020-05-19T21:00:00+00:00,2020-05-19T21:00:00+00:00,18.7,87.3,100.0,948.0,Extremely Severe Cyclonic Storm,1,3DIMG_L1C_SGP
2020136N10088,AMPHAN,2020,2020-05-20T00:00:00+00:00,2020-05-20T00:00:00+00:00,19.2,87.5,95.0,952.0,Extremely Severe Cyclonic Storm,1,3DIMG_L1C_SGP
2020136N10088,AMPHAN,2020,2020-05-20T03:00:00+00:00,2020-05-20T03:00:00+00:00,19.8,87.7,95.0,954.0,Extremely Severe Cyclonic Storm,1,3DIMG_L1C_SGP
2020136N10088,AMPHAN,2020,2020-05-20T06:00:00+00:00,2020-05-20T06:00:00+00:00,20.6,88.0,90.0,956.0,Very Severe Cyclonic Storm,1,3DIMG_L1C_SGP
2020136N10088,AMPHAN,2020,2020-05-20T09:00:00+00:00,2020-05-20T09:00:00+00:00,21.4,88.1,90.0,960.0,Very Severe Cyclonic Storm,1,3DIMG_L1C_SGP
2020136N10088,AMPHAN,2020,2020-05-20T12:00:00+00:00,2020-05-20T12:00:00+00:00,22.1,88.4,85.0,957.0,Very Severe Cyclonic Storm,1,3DIMG_L1C_SGP
2020136N10088,AMPHAN,2020,2020-05-20T15:00:00+00:00,2020-05-20T15:00:00+00:00,22.8,88.6,65.0,968.0,Very Severe Cyclonic Storm,1,3DIMG_L1C_SGP
2020136N10088,AMPHAN,2020,2020-05-20T18:00:00+00:00,2020-05-20T18:00:00+00:00,23.5,89.1,50.0,978.0,Severe Cyclonic Storm,1,3DIMG_L1C_SGP
2020136N10088,AMPHAN,2020,2020-05-20T21:00:00+00:00,2020-05-20T21:00:00+00:00,24.3,89.3,45.0,986.0,Cyclonic Storm,1,3DIMG_L1C_SGP
2020136N10088,AMPHAN,2020,2020-05-21T00:00:00+00:00,2020-05-21T00:00:00+00:00,24.6,89.6,40.0,988.0,Cyclonic Storm,1,3DIMG_L1C_SGP
2020136N10088,AMPHAN,2020,2020-05-21T03:00:00+00:00,2020-05-21T03:00:00+00:00,25.1,89.9,35.0,990.0,Cyclonic Storm,1,3DIMG_L1C_SGP
2020136N10088,AMPHAN,2020,2020-05-21T06:00:00+00:00,2020-05-21T06:00:00+00:00,25.4,90.1,30.0,992.0,Deep Depression,1,3DIMG_L1C_SGP
2020136N10088,AMPHAN,2020,2020-05-21T09:00:00+00:00,2020-05-21T09:00:00+00:00,25.2,89.6,,,Unknown,1,3DIMG_L1C_SGP
2020136N10088,AMPHAN,2020,2020-05-21T12:00:00+00:00,2020-05-21T12:00:00+00:00,25.4,89.6,20.0,995.0,Depression,1,3DIMG_L1C_SGP
2023156N10067,BIPARJOY,2023,2023-06-05T00:00:00+00:00,2023-06-05T00:00:00+00:00,10.3,66.7,,,Unknown,1,3DIMG_L1C_SGP
2023156N10067,BIPARJOY,2023,2023-06-05T03:00:00+00:00,2023-06-05T03:00:00+00:00,10.5,66.6,,,Unknown,1,3DIMG_L1C_SGP
2023156N10067,BIPARJOY,2023,2023-06-05T06:00:00+00:00,2023-06-05T06:00:00+00:00,10.7,66.5,,,Unknown,1,3DIMG_L1C_SGP
2023156N10067,BIPARJOY,2023,2023-06-05T09:00:00+00:00,2023-06-05T09:00:00+00:00,10.8,66.4,,,Unknown,1,3DIMG_L1C_SGP
2023156N10067,BIPARJOY,2023,2023-06-05T12:00:00+00:00,2023-06-05T12:00:00+00:00,11.0,66.3,,,Unknown,1,3DIMG_L1C_SGP
2023156N10067,BIPARJOY,2023,2023-06-05T15:00:00+00:00,2023-06-05T15:00:00+00:00,11.2,66.2,,,Unknown,1,3DIMG_L1C_SGP
2023156N10067,BIPARJOY,2023,2023-06-05T18:00:00+00:00,2023-06-05T18:00:00+00:00,11.4,66.1,,,Unknown,1,3DIMG_L1C_SGP
2023156N10067,BIPARJOY,2023,2023-06-05T21:00:00+00:00,2023-06-05T21:00:00+00:00,11.5,66.0,,,Unknown,1,3DIMG_L1C_SGP
2023156N10067,BIPARJOY,2023,2023-06-06T00:00:00+00:00,2023-06-06T00:00:00+00:00,11.5,66.0,25.0,1000.0,Depression,1,3DIMG_L1C_SGP
2023156N10067,BIPARJOY,2023,2023-06-06T03:00:00+00:00,2023-06-06T03:00:00+00:00,11.7,66.0,25.0,1000.0,Depression,1,3DIMG_L1C_SGP
2023156N10067,BIPARJOY,2023,2023-06-06T06:00:00+00:00,2023-06-06T06:00:00+00:00,11.9,65.9,30.0,999.0,Deep Depression,1,3DIMG_L1C_SGP
2023156N10067,BIPARJOY,2023,2023-06-06T09:00:00+00:00,2023-06-06T09:00:00+00:00,12.0,66.0,,,Unknown,1,3DIMG_L1C_SGP
2023156N10067,BIPARJOY,2023,2023-06-06T12:00:00+00:00,2023-06-06T12:00:00+00:00,12.2,66.0,35.0,998.0,Cyclonic Storm,1,3DIMG_L1C_SGP
2023156N10067,BIPARJOY,2023,2023-06-06T15:00:00+00:00,2023-06-06T15:00:00+00:00,12.3,66.0,35.0,998.0,Cyclonic Storm,1,3DIMG_L1C_SGP
2023156N10067,BIPARJOY,2023,2023-06-06T18:00:00+00:00,2023-06-06T18:00:00+00:00,12.5,66.1,40.0,996.0,Cyclonic Storm,1,3DIMG_L1C_SGP
2023156N10067,BIPARJOY,2023,2023-06-06T21:00:00+00:00,2023-06-06T21:00:00+00:00,12.5,66.2,45.0,996.0,Cyclonic Storm,1,3DIMG_L1C_SGP
2023156N10067,BIPARJOY,2023,2023-06-07T00:00:00+00:00,2023-06-07T00:00:00+00:00,12.6,66.3,55.0,990.0,Severe Cyclonic Storm,1,3DIMG_L1C_SGP
2023156N10067,BIPARJOY,2023,2023-06-07T03:00:00+00:00,2023-06-07T03:00:00+00:00,12.8,66.3,60.0,988.0,Severe Cyclonic Storm,1,3DIMG_L1C_SGP
2023156N10067,BIPARJOY,2023,2023-06-07T06:00:00+00:00,2023-06-07T06:00:00+00:00,13.0,66.4,65.0,983.0,Very Severe Cyclonic Storm,1,3DIMG_L1C_SGP
2023156N10067,BIPARJOY,2023,2023-06-07T09:00:00+00:00,2023-06-07T09:00:00+00:00,13.2,66.3,65.0,983.0,Very Severe Cyclonic Storm,1,3DIMG_L1C_SGP
2023156N10067,BIPARJOY,2023,2023-06-07T12:00:00+00:00,2023-06-07T12:00:00+00:00,13.3,66.2,65.0,983.0,Very Severe Cyclonic Storm,1,3DIMG_L1C_SGP
2023156N10067,BIPARJOY,2023,2023-06-07T15:00:00+00:00,2023-06-07T15:00:00+00:00,13.4,66.2,65.0,983.0,Very Severe Cyclonic Storm,1,3DIMG_L1C_SGP
2023156N10067,BIPARJOY,2023,2023-06-07T18:00:00+00:00,2023-06-07T18:00:00+00:00,13.6,66.1,70.0,980.0,Very Severe Cyclonic Storm,1,3DIMG_L1C_SGP
2023156N10067,BIPARJOY,2023,2023-06-07T21:00:00+00:00,2023-06-07T21:00:00+00:00,13.6,66.0,70.0,980.0,Very Severe Cyclonic Storm,1,3DIMG_L1C_SGP
2023156N10067,BIPARJOY,2023,2023-06-08T00:00:00+00:00,2023-06-08T00:00:00+00:00,13.8,66.1,75.0,978.0,Very Severe Cyclonic Storm,1,3DIMG_L1C_SGP
2023156N10067,BIPARJOY,2023,2023-06-08T03:00:00+00:00,2023-06-08T03:00:00+00:00,13.9,66.0,75.0,978.0,Very Severe Cyclonic Storm,1,3DIMG_L1C_SGP
2023156N10067,BIPARJOY,2023,2023-06-08T06:00:00+00:00,2023-06-08T06:00:00+00:00,14.0,66.0,75.0,978.0,Very Severe Cyclonic Storm,1,3DIMG_L1C_SGP
2023156N10067,BIPARJOY,2023,2023-06-08T09:00:00+00:00,2023-06-08T09:00:00+00:00,14.2,66.0,75.0,978.0,Very Severe Cyclonic Storm,1,3DIMG_L1C_SGP
2023156N10067,BIPARJOY,2023,2023-06-08T12:00:00+00:00,2023-06-08T12:00:00+00:00,14.3,66.0,75.0,978.0,Very Severe Cyclonic Storm,1,3DIMG_L1C_SGP
2023156N10067,BIPARJOY,2023,2023-06-08T15:00:00+00:00,2023-06-08T15:00:00+00:00,14.4,66.0,75.0,978.0,Very Severe Cyclonic Storm,1,3DIMG_L1C_SGP
2023156N10067,BIPARJOY,2023,2023-06-08T18:00:00+00:00,2023-06-08T18:00:00+00:00,14.6,66.1,75.0,978.0,Very Severe Cyclonic Storm,1,3DIMG_L1C_SGP
2023156N10067,BIPARJOY,2023,2023-06-08T21:00:00+00:00,2023-06-08T21:00:00+00:00,14.6,66.1,75.0,978.0,Very Severe Cyclonic Storm,1,3DIMG_L1C_SGP
2023156N10067,BIPARJOY,2023,2023-06-09T00:00:00+00:00,2023-06-09T00:00:00+00:00,14.8,66.3,75.0,978.0,Very Severe Cyclonic Storm,1,3DIMG_L1C_SGP
2023156N10067,BIPARJOY,2023,2023-06-09T03:00:00+00:00,2023-06-09T03:00:00+00:00,14.8,66.5,70.0,980.0,Very Severe Cyclonic Storm,1,3DIMG_L1C_SGP
2023156N10067,BIPARJOY,2023,2023-06-09T06:00:00+00:00,2023-06-09T06:00:00+00:00,15.0,66.8,70.0,980.0,Very Severe Cyclonic Storm,1,3DIMG_L1C_SGP
2023156N10067,BIPARJOY,2023,2023-06-09T09:00:00+00:00,2023-06-09T09:00:00+00:00,15.3,67.0,70.0,980.0,Very Severe Cyclonic Storm,1,3DIMG_L1C_SGP
2023156N10067,BIPARJOY,2023,2023-06-09T12:00:00+00:00,2023-06-09T12:00:00+00:00,15.6,67.2,65.0,982.0,Very Severe Cyclonic Storm,1,3DIMG_L1C_SGP
2023156N10067,BIPARJOY,2023,2023-06-09T15:00:00+00:00,2023-06-09T15:00:00+00:00,15.9,67.3,65.0,982.0,Very Severe Cyclonic Storm,1,3DIMG_L1C_SGP
2023156N10067,BIPARJOY,2023,2023-06-09T18:00:00+00:00,2023-06-09T18:00:00+00:00,16.2,67.4,70.0,978.0,Very Severe Cyclonic Storm,1,3DIMG_L1C_SGP
2023156N10067,BIPARJOY,2023,2023-06-09T21:00:00+00:00,2023-06-09T21:00:00+00:00,16.3,67.4,70.0,976.0,Very Severe Cyclonic Storm,1,3DIMG_L1C_SGP
2023156N10067,BIPARJOY,2023,2023-06-10T00:00:00+00:00,2023-06-10T00:00:00+00:00,16.5,67.4,75.0,974.0,Very Severe Cyclonic Storm,1,3DIMG_L1C_SGP
2023156N10067,BIPARJOY,2023,2023-06-10T03:00:00+00:00,2023-06-10T03:00:00+00:00,16.6,67.3,75.0,972.0,Very Severe Cyclonic Storm,1,3DIMG_L1C_SGP
2023156N10067,BIPARJOY,2023,2023-06-10T06:00:00+00:00,2023-06-10T06:00:00+00:00,16.7,67.3,75.0,970.0,Very Severe Cyclonic Storm,1,3DIMG_L1C_SGP
2023156N10067,BIPARJOY,2023,2023-06-10T09:00:00+00:00,2023-06-10T09:00:00+00:00,16.9,67.4,80.0,966.0,Very Severe Cyclonic Storm,1,3DIMG_L1C_SGP
2023156N10067,BIPARJOY,2023,2023-06-10T12:00:00+00:00,2023-06-10T12:00:00+00:00,17.2,67.3,80.0,964.0,Very Severe Cyclonic Storm,1,3DIMG_L1C_SGP
2023156N10067,BIPARJOY,2023,2023-06-10T15:00:00+00:00,2023-06-10T15:00:00+00:00,17.4,67.3,80.0,964.0,Very Severe Cyclonic Storm,1,3DIMG_L1C_SGP
2023156N10067,BIPARJOY,2023,2023-06-10T18:00:00+00:00,2023-06-10T18:00:00+00:00,17.5,67.4,85.0,962.0,Very Severe Cyclonic Storm,1,3DIMG_L1C_SGP
2023156N10067,BIPARJOY,2023,2023-06-10T21:00:00+00:00,2023-06-10T21:00:00+00:00,17.6,67.4,85.0,962.0,Very Severe Cyclonic Storm,1,3DIMG_L1C_SGP
2023156N10067,BIPARJOY,2023,2023-06-11T00:00:00+00:00,2023-06-11T00:00:00+00:00,17.8,67.6,90.0,960.0,Very Severe Cyclonic Storm,1,3DIMG_L1C_SGP
2023156N10067,BIPARJOY,2023,2023-06-11T03:00:00+00:00,2023-06-11T03:00:00+00:00,18.0,67.7,90.0,958.0,Very Severe Cyclonic Storm,1,3DIMG_L1C_SGP
2023156N10067,BIPARJOY,2023,2023-06-11T06:00:00+00:00,2023-06-11T06:00:00+00:00,18.3,67.8,90.0,958.0,Very Severe Cyclonic Storm,1,3DIMG_L1C_SGP
2023156N10067,BIPARJOY,2023,2023-06-11T09:00:00+00:00,2023-06-11T09:00:00+00:00,18.5,67.8,90.0,958.0,Very Severe Cyclonic Storm,1,3DIMG_L1C_SGP
2023156N10067,BIPARJOY,2023,2023-06-11T12:00:00+00:00,2023-06-11T12:00:00+00:00,18.7,67.8,90.0,958.0,Very Severe Cyclonic Storm,1,3DIMG_L1C_SGP
2023156N10067,BIPARJOY,2023,2023-06-11T15:00:00+00:00,2023-06-11T15:00:00+00:00,18.8,67.8,90.0,958.0,Very Severe Cyclonic Storm,1,3DIMG_L1C_SGP
2023156N10067,BIPARJOY,2023,2023-06-11T18:00:00+00:00,2023-06-11T18:00:00+00:00,18.9,67.8,90.0,958.0,Very Severe Cyclonic Storm,1,3DIMG_L1C_SGP
2023156N10067,BIPARJOY,2023,2023-06-11T21:00:00+00:00,2023-06-11T21:00:00+00:00,19.0,67.7,90.0,958.0,Very Severe Cyclonic Storm,1,3DIMG_L1C_SGP
2023156N10067,BIPARJOY,2023,2023-06-12T00:00:00+00:00,2023-06-12T00:00:00+00:00,19.2,67.7,90.0,958.0,Very Severe Cyclonic Storm,1,3DIMG_L1C_SGP
2023156N10067,BIPARJOY,2023,2023-06-12T03:00:00+00:00,2023-06-12T03:00:00+00:00,19.4,67.6,90.0,958.0,Very Severe Cyclonic Storm,1,3DIMG_L1C_SGP
2023156N10067,BIPARJOY,2023,2023-06-12T06:00:00+00:00,2023-06-12T06:00:00+00:00,19.7,67.5,90.0,958.0,Very Severe Cyclonic Storm,1,3DIMG_L1C_SGP
2023156N10067,BIPARJOY,2023,2023-06-12T09:00:00+00:00,2023-06-12T09:00:00+00:00,19.8,67.4,90.0,958.0,Very Severe Cyclonic Storm,1,3DIMG_L1C_SGP
2023156N10067,BIPARJOY,2023,2023-06-12T12:00:00+00:00,2023-06-12T12:00:00+00:00,19.9,67.3,90.0,960.0,Very Severe Cyclonic Storm,1,3DIMG_L1C_SGP
2023156N10067,BIPARJOY,2023,2023-06-12T15:00:00+00:00,2023-06-12T15:00:00+00:00,20.0,67.2,90.0,960.0,Very Severe Cyclonic Storm,1,3DIMG_L1C_SGP
2023156N10067,BIPARJOY,2023,2023-06-12T18:00:00+00:00,2023-06-12T18:00:00+00:00,20.2,67.2,85.0,962.0,Very Severe Cyclonic Storm,1,3DIMG_L1C_SGP
2023156N10067,BIPARJOY,2023,2023-06-12T21:00:00+00:00,2023-06-12T21:00:00+00:00,20.4,67.2,85.0,962.0,Very Severe Cyclonic Storm,1,3DIMG_L1C_SGP
2023156N10067,BIPARJOY,2023,2023-06-13T00:00:00+00:00,2023-06-13T00:00:00+00:00,20.7,67.0,85.0,962.0,Very Severe Cyclonic Storm,1,3DIMG_L1C_SGP
2023156N10067,BIPARJOY,2023,2023-06-13T03:00:00+00:00,2023-06-13T03:00:00+00:00,20.9,66.9,85.0,962.0,Very Severe Cyclonic Storm,1,3DIMG_L1C_SGP
2023156N10067,BIPARJOY,2023,2023-06-13T06:00:00+00:00,2023-06-13T06:00:00+00:00,21.0,66.8,85.0,962.0,Very Severe Cyclonic Storm,1,3DIMG_L1C_SGP
2023156N10067,BIPARJOY,2023,2023-06-13T09:00:00+00:00,2023-06-13T09:00:00+00:00,21.1,66.5,85.0,962.0,Very Severe Cyclonic Storm,1,3DIMG_L1C_SGP
2023156N10067,BIPARJOY,2023,2023-06-13T12:00:00+00:00,2023-06-13T12:00:00+00:00,21.2,66.5,85.0,962.0,Very Severe Cyclonic Storm,1,3DIMG_L1C_SGP
2023156N10067,BIPARJOY,2023,2023-06-13T15:00:00+00:00,2023-06-13T15:00:00+00:00,21.3,66.4,85.0,962.0,Very Severe Cyclonic Storm,1,3DIMG_L1C_SGP
2023156N10067,BIPARJOY,2023,2023-06-13T18:00:00+00:00,2023-06-13T18:00:00+00:00,21.5,66.4,85.0,962.0,Very Severe Cyclonic Storm,1,3DIMG_L1C_SGP
2023156N10067,BIPARJOY,2023,2023-06-13T21:00:00+00:00,2023-06-13T21:00:00+00:00,21.5,66.3,85.0,964.0,Very Severe Cyclonic Storm,1,3DIMG_L1C_SGP
2023156N10067,BIPARJOY,2023,2023-06-14T00:00:00+00:00,2023-06-14T00:00:00+00:00,21.6,66.3,80.0,966.0,Very Severe Cyclonic Storm,1,3DIMG_L1C_SGP
2023156N10067,BIPARJOY,2023,2023-06-14T03:00:00+00:00,2023-06-14T03:00:00+00:00,21.6,66.3,80.0,966.0,Very Severe Cyclonic Storm,1,3DIMG_L1C_SGP
2023156N10067,BIPARJOY,2023,2023-06-14T06:00:00+00:00,2023-06-14T06:00:00+00:00,21.6,66.4,80.0,966.0,Very Severe Cyclonic Storm,1,3DIMG_L1C_SGP
2023156N10067,BIPARJOY,2023,2023-06-14T09:00:00+00:00,2023-06-14T09:00:00+00:00,21.7,66.6,80.0,966.0,Very Severe Cyclonic Storm,1,3DIMG_L1C_SGP
2023156N10067,BIPARJOY,2023,2023-06-14T12:00:00+00:00,2023-06-14T12:00:00+00:00,21.9,66.7,75.0,970.0,Very Severe Cyclonic Storm,1,3DIMG_L1C_SGP
2023156N10067,BIPARJOY,2023,2023-06-14T15:00:00+00:00,2023-06-14T15:00:00+00:00,22.1,66.8,70.0,974.0,Very Severe Cyclonic Storm,1,3DIMG_L1C_SGP
2023156N10067,BIPARJOY,2023,2023-06-14T18:00:00+00:00,2023-06-14T18:00:00+00:00,22.2,66.8,70.0,974.0,Very Severe Cyclonic Storm,1,3DIMG_L1C_SGP
2023156N10067,BIPARJOY,2023,2023-06-14T21:00:00+00:00,2023-06-14T21:00:00+00:00,22.3,66.8,70.0,974.0,Very Severe Cyclonic Storm,1,3DIMG_L1C_SGP
2023156N10067,BIPARJOY,2023,2023-06-15T00:00:00+00:00,2023-06-15T00:00:00+00:00,22.3,67.0,70.0,974.0,Very Severe Cyclonic Storm,1,3DIMG_L1C_SGP
2023156N10067,BIPARJOY,2023,2023-06-15T03:00:00+00:00,2023-06-15T03:00:00+00:00,22.5,67.1,70.0,974.0,Very Severe Cyclonic Storm,1,3DIMG_L1C_SGP
2023156N10067,BIPARJOY,2023,2023-06-15T06:00:00+00:00,2023-06-15T06:00:00+00:00,22.6,67.3,65.0,976.0,Very Severe Cyclonic Storm,1,3DIMG_L1C_SGP
2023156N10067,BIPARJOY,2023,2023-06-15T09:00:00+00:00,2023-06-15T09:00:00+00:00,22.7,67.7,65.0,976.0,Very Severe Cyclonic Storm,1,3DIMG_L1C_SGP
2023156N10067,BIPARJOY,2023,2023-06-15T12:00:00+00:00,2023-06-15T12:00:00+00:00,22.8,68.1,65.0,976.0,Very Severe Cyclonic Storm,1,3DIMG_L1C_SGP
2023156N10067,BIPARJOY,2023,2023-06-15T15:00:00+00:00,2023-06-15T15:00:00+00:00,23.1,68.4,65.0,976.0,Very Severe Cyclonic Storm,1,3DIMG_L1C_SGP
2023156N10067,BIPARJOY,2023,2023-06-15T18:00:00+00:00,2023-06-15T18:00:00+00:00,23.3,68.6,60.0,980.0,Severe Cyclonic Storm,1,3DIMG_L1C_SGP
2023156N10067,BIPARJOY,2023,2023-06-15T21:00:00+00:00,2023-06-15T21:00:00+00:00,23.4,68.8,50.0,982.0,Severe Cyclonic Storm,1,3DIMG_L1C_SGP
2023156N10067,BIPARJOY,2023,2023-06-16T00:00:00+00:00,2023-06-16T00:00:00+00:00,23.5,69.1,50.0,978.0,Severe Cyclonic Storm,1,3DIMG_L1C_SGP
2023156N10067,BIPARJOY,2023,2023-06-16T03:00:00+00:00,2023-06-16T03:00:00+00:00,23.5,69.4,45.0,978.0,Cyclonic Storm,1,3DIMG_L1C_SGP
2023156N10067,BIPARJOY,2023,2023-06-16T06:00:00+00:00,2023-06-16T06:00:00+00:00,23.7,69.7,40.0,980.0,Cyclonic Storm,1,3DIMG_L1C_SGP
2023156N10067,BIPARJOY,2023,2023-06-16T09:00:00+00:00,2023-06-16T09:00:00+00:00,23.9,70.0,40.0,984.0,Cyclonic Storm,1,3DIMG_L1C_SGP
2023156N10067,BIPARJOY,2023,2023-06-16T12:00:00+00:00,2023-06-16T12:00:00+00:00,24.2,70.4,35.0,986.0,Cyclonic Storm,1,3DIMG_L1C_SGP
2023156N10067,BIPARJOY,2023,2023-06-16T15:00:00+00:00,2023-06-16T15:00:00+00:00,24.5,70.7,35.0,987.0,Cyclonic Storm,1,3DIMG_L1C_SGP
2023156N10067,BIPARJOY,2023,2023-06-16T18:00:00+00:00,2023-06-16T18:00:00+00:00,24.6,70.9,30.0,988.0,Deep Depression,1,3DIMG_L1C_SGP
2023156N10067,BIPARJOY,2023,2023-06-16T21:00:00+00:00,2023-06-16T21:00:00+00:00,24.7,71.0,,,Unknown,1,3DIMG_L1C_SGP
2023156N10067,BIPARJOY,2023,2023-06-17T00:00:00+00:00,2023-06-17T00:00:00+00:00,24.8,71.2,30.0,988.0,Deep Depression,1,3DIMG_L1C_SGP
2023156N10067,BIPARJOY,2023,2023-06-17T03:00:00+00:00,2023-06-17T03:00:00+00:00,25.0,71.5,30.0,988.0,Deep Depression,1,3DIMG_L1C_SGP
2023156N10067,BIPARJOY,2023,2023-06-17T06:00:00+00:00,2023-06-17T06:00:00+00:00,25.3,71.9,30.0,989.0,Deep Depression,1,3DIMG_L1C_SGP
2023156N10067,BIPARJOY,2023,2023-06-17T09:00:00+00:00,2023-06-17T09:00:00+00:00,25.5,72.2,,,Unknown,1,3DIMG_L1C_SGP
2023156N10067,BIPARJOY,2023,2023-06-17T12:00:00+00:00,2023-06-17T12:00:00+00:00,25.6,72.5,25.0,990.0,Depression,1,3DIMG_L1C_SGP
2023156N10067,BIPARJOY,2023,2023-06-17T15:00:00+00:00,2023-06-17T15:00:00+00:00,25.7,72.7,,,Unknown,1,3DIMG_L1C_SGP
2023156N10067,BIPARJOY,2023,2023-06-17T18:00:00+00:00,2023-06-17T18:00:00+00:00,25.8,72.8,25.0,991.0,Depression,1,3DIMG_L1C_SGP
2023156N10067,BIPARJOY,2023,2023-06-17T21:00:00+00:00,2023-06-17T21:00:00+00:00,25.9,73.0,,,Unknown,1,3DIMG_L1C_SGP
2023156N10067,BIPARJOY,2023,2023-06-18T00:00:00+00:00,2023-06-18T00:00:00+00:00,26.0,73.3,25.0,991.0,Depression,1,3DIMG_L1C_SGP
2023156N10067,BIPARJOY,2023,2023-06-18T03:00:00+00:00,2023-06-18T03:00:00+00:00,26.2,73.8,25.0,992.0,Depression,1,3DIMG_L1C_SGP
2023156N10067,BIPARJOY,2023,2023-06-18T06:00:00+00:00,2023-06-18T06:00:00+00:00,26.3,74.0,25.0,994.0,Depression,1,3DIMG_L1C_SGP
2023156N10067,BIPARJOY,2023,2023-06-18T09:00:00+00:00,2023-06-18T09:00:00+00:00,26.3,74.3,,,Unknown,1,3DIMG_L1C_SGP
2023156N10067,BIPARJOY,2023,2023-06-18T12:00:00+00:00,2023-06-18T12:00:00+00:00,26.3,74.7,20.0,995.0,Depression,1,3DIMG_L1C_SGP
2023156N10067,BIPARJOY,2023,2023-06-18T15:00:00+00:00,2023-06-18T15:00:00+00:00,26.3,74.9,,,Unknown,1,3DIMG_L1C_SGP
2023156N10067,BIPARJOY,2023,2023-06-18T18:00:00+00:00,2023-06-18T18:00:00+00:00,26.3,75.2,20.0,995.0,Depression,1,3DIMG_L1C_SGP
2023156N10067,BIPARJOY,2023,2023-06-18T21:00:00+00:00,2023-06-18T21:00:00+00:00,26.3,75.6,,,Unknown,1,3DIMG_L1C_SGP
2023156N10067,BIPARJOY,2023,2023-06-19T00:00:00+00:00,2023-06-19T00:00:00+00:00,26.3,76.0,20.0,995.0,Depression,1,3DIMG_L1C_SGP
2019116N02090,FANI,2019,2019-04-25T18:00:00+00:00,2019-04-25T18:00:00+00:00,1.9,90.2,,,Unknown,1,3DIMG_L1C_SGP
2019116N02090,FANI,2019,2019-04-25T21:00:00+00:00,2019-04-25T21:00:00+00:00,2.1,90.1,,,Unknown,1,3DIMG_L1C_SGP
2019116N02090,FANI,2019,2019-04-26T00:00:00+00:00,2019-04-26T00:00:00+00:00,2.2,90.0,,,Unknown,1,3DIMG_L1C_SGP
2019116N02090,FANI,2019,2019-04-26T03:00:00+00:00,2019-04-26T03:00:00+00:00,2.3,89.8,,,Unknown,1,3DIMG_L1C_SGP
2019116N02090,FANI,2019,2019-04-26T06:00:00+00:00,2019-04-26T06:00:00+00:00,2.5,89.7,,,Unknown,1,3DIMG_L1C_SGP
2019116N02090,FANI,2019,2019-04-26T09:00:00+00:00,2019-04-26T09:00:00+00:00,2.8,89.8,,,Unknown,1,3DIMG_L1C_SGP
2019116N02090,FANI,2019,2019-04-26T12:00:00+00:00,2019-04-26T12:00:00+00:00,3.2,89.8,25.0,998.0,Depression,1,3DIMG_L1C_SGP
2019116N02090,FANI,2019,2019-04-26T15:00:00+00:00,2019-04-26T15:00:00+00:00,3.5,89.7,,,Unknown,1,3DIMG_L1C_SGP
2019116N02090,FANI,2019,2019-04-26T18:00:00+00:00,2019-04-26T18:00:00+00:00,3.8,89.5,25.0,998.0,Depression,1,3DIMG_L1C_SGP
2019116N02090,FANI,2019,2019-04-26T21:00:00+00:00,2019-04-26T21:00:00+00:00,4.2,89.4,,,Unknown,1,3DIMG_L1C_SGP
2019116N02090,FANI,2019,2019-04-27T00:00:00+00:00,2019-04-27T00:00:00+00:00,4.6,89.4,30.0,997.0,Deep Depression,1,3DIMG_L1C_SGP
2019116N02090,FANI,2019,2019-04-27T03:00:00+00:00,2019-04-27T03:00:00+00:00,4.9,89.4,30.0,996.0,Deep Depression,1,3DIMG_L1C_SGP
2019116N02090,FANI,2019,2019-04-27T06:00:00+00:00,2019-04-27T06:00:00+00:00,5.1,89.4,35.0,995.0,Cyclonic Storm,1,3DIMG_L1C_SGP
2019116N02090,FANI,2019,2019-04-27T09:00:00+00:00,2019-04-27T09:00:00+00:00,5.5,89.3,40.0,994.0,Cyclonic Storm,1,3DIMG_L1C_SGP
2019116N02090,FANI,2019,2019-04-27T12:00:00+00:00,2019-04-27T12:00:00+00:00,6.0,89.2,45.0,992.0,Cyclonic Storm,1,3DIMG_L1C_SGP
2019116N02090,FANI,2019,2019-04-27T15:00:00+00:00,2019-04-27T15:00:00+00:00,6.4,88.9,45.0,992.0,Cyclonic Storm,1,3DIMG_L1C_SGP
2019116N02090,FANI,2019,2019-04-27T18:00:00+00:00,2019-04-27T18:00:00+00:00,6.6,88.5,45.0,992.0,Cyclonic Storm,1,3DIMG_L1C_SGP
2019116N02090,FANI,2019,2019-04-27T21:00:00+00:00,2019-04-27T21:00:00+00:00,6.8,88.2,45.0,992.0,Cyclonic Storm,1,3DIMG_L1C_SGP
2019116N02090,FANI,2019,2019-04-28T00:00:00+00:00,2019-04-28T00:00:00+00:00,7.1,88.1,45.0,992.0,Cyclonic Storm,1,3DIMG_L1C_SGP
2019116N02090,FANI,2019,2019-04-28T03:00:00+00:00,2019-04-28T03:00:00+00:00,7.2,88.1,45.0,992.0,Cyclonic Storm,1,3DIMG_L1C_SGP
2019116N02090,FANI,2019,2019-04-28T06:00:00+00:00,2019-04-28T06:00:00+00:00,7.4,88.1,45.0,992.0,Cyclonic Storm,1,3DIMG_L1C_SGP
2019116N02090,FANI,2019,2019-04-28T09:00:00+00:00,2019-04-28T09:00:00+00:00,7.6,87.9,45.0,992.0,Cyclonic Storm,1,3DIMG_L1C_SGP
2019116N02090,FANI,2019,2019-04-28T12:00:00+00:00,2019-04-28T12:00:00+00:00,8.0,87.6,45.0,992.0,Cyclonic Storm,1,3DIMG_L1C_SGP
2019116N02090,FANI,2019,2019-04-28T15:00:00+00:00,2019-04-28T15:00:00+00:00,8.1,87.5,45.0,992.0,Cyclonic Storm,1,3DIMG_L1C_SGP
2019116N02090,FANI,2019,2019-04-28T18:00:00+00:00,2019-04-28T18:00:00+00:00,8.2,87.5,45.0,992.0,Cyclonic Storm,1,3DIMG_L1C_SGP
2019116N02090,FANI,2019,2019-04-28T21:00:00+00:00,2019-04-28T21:00:00+00:00,8.4,87.4,45.0,992.0,Cyclonic Storm,1,3DIMG_L1C_SGP
2019116N02090,FANI,2019,2019-04-29T00:00:00+00:00,2019-04-29T00:00:00+00:00,8.6,87.4,45.0,992.0,Cyclonic Storm,1,3DIMG_L1C_SGP
2019116N02090,FANI,2019,2019-04-29T03:00:00+00:00,2019-04-29T03:00:00+00:00,8.8,87.2,45.0,992.0,Cyclonic Storm,1,3DIMG_L1C_SGP
2019116N02090,FANI,2019,2019-04-29T06:00:00+00:00,2019-04-29T06:00:00+00:00,9.3,87.2,45.0,992.0,Cyclonic Storm,1,3DIMG_L1C_SGP
2019116N02090,FANI,2019,2019-04-29T09:00:00+00:00,2019-04-29T09:00:00+00:00,9.8,87.1,45.0,992.0,Cyclonic Storm,1,3DIMG_L1C_SGP
2019116N02090,FANI,2019,2019-04-29T12:00:00+00:00,2019-04-29T12:00:00+00:00,10.2,87.1,55.0,986.0,Severe Cyclonic Storm,1,3DIMG_L1C_SGP
2019116N02090,FANI,2019,2019-04-29T15:00:00+00:00,2019-04-29T15:00:00+00:00,10.5,86.9,55.0,986.0,Severe Cyclonic Storm,1,3DIMG_L1C_SGP
2019116N02090,FANI,2019,2019-04-29T18:00:00+00:00,2019-04-29T18:00:00+00:00,10.9,86.8,55.0,986.0,Severe Cyclonic Storm,1,3DIMG_L1C_SGP
2019116N02090,FANI,2019,2019-04-29T21:00:00+00:00,2019-04-29T21:00:00+00:00,11.3,86.6,65.0,982.0,Very Severe Cyclonic Storm,1,3DIMG_L1C_SGP
2019116N02090,FANI,2019,2019-04-30T00:00:00+00:00,2019-04-30T00:00:00+00:00,11.8,86.5,70.0,980.0,Very Severe Cyclonic Storm,1,3DIMG_L1C_SGP
2019116N02090,FANI,2019,2019-04-30T03:00:00+00:00,2019-04-30T03:00:00+00:00,12.3,86.2,75.0,974.0,Very Severe Cyclonic Storm,1,3DIMG_L1C_SGP
2019116N02090,FANI,2019,2019-04-30T06:00:00+00:00,2019-04-30T06:00:00+00:00,12.7,85.8,80.0,970.0,Very Severe Cyclonic Storm,1,3DIMG_L1C_SGP
2019116N02090,FANI,2019,2019-04-30T09:00:00+00:00,2019-04-30T09:00:00+00:00,13.0,85.3,85.0,966.0,Very Severe Cyclonic Storm,1,3DIMG_L1C_SGP
2019116N02090,FANI,2019,2019-04-30T12:00:00+00:00,2019-04-30T12:00:00+00:00,13.3,84.8,90.0,962.0,Very Severe Cyclonic Storm,1,3DIMG_L1C_SGP
2019116N02090,FANI,2019,2019-04-30T15:00:00+00:00,2019-04-30T15:00:00+00:00,13.4,84.6,95.0,957.0,Extremely Severe Cyclonic Storm,1,3DIMG_L1C_SGP
2019116N02090,FANI,2019,2019-04-30T18:00:00+00:00,2019-04-30T18:00:00+00:00,13.5,84.4,95.0,957.0,Extremely Severe Cyclonic Storm,1,3DIMG_L1C_SGP
2019116N02090,FANI,2019,2019-04-30T21:00:00+00:00,2019-04-30T21:00:00+00:00,13.6,84.2,95.0,957.0,Extremely Severe Cyclonic Storm,1,3DIMG_L1C_SGP
2019116N02090,FANI,2019,2019-05-01T00:00:00+00:00,2019-05-01T00:00:00+00:00,13.9,84.1,95.0,957.0,Extremely Severe Cyclonic Storm,1,3DIMG_L1C_SGP
2019116N02090,FANI,2019,2019-05-01T03:00:00+00:00,2019-05-01T03:00:00+00:00,14.1,84.0,95.0,957.0,Extremely Severe Cyclonic Storm,1,3DIMG_L1C_SGP
2019116N02090,FANI,2019,2019-05-01T06:00:00+00:00,2019-05-01T06:00:00+00:00,14.2,84.0,95.0,957.0,Extremely Severe Cyclonic Storm,1,3DIMG_L1C_SGP
2019116N02090,FANI,2019,2019-05-01T09:00:00+00:00,2019-05-01T09:00:00+00:00,14.5,84.1,95.0,955.0,Extremely Severe Cyclonic Storm,1,3DIMG_L1C_SGP
2019116N02090,FANI,2019,2019-05-01T12:00:00+00:00,2019-05-01T12:00:00+00:00,14.9,84.1,100.0,950.0,Extremely Severe Cyclonic Storm,1,3DIMG_L1C_SGP
2019116N02090,FANI,2019,2019-05-01T15:00:00+00:00,2019-05-01T15:00:00+00:00,15.0,84.2,100.0,950.0,Extremely Severe Cyclonic Storm,1,3DIMG_L1C_SGP
2019116N02090,FANI,2019,2019-05-01T18:00:00+00:00,2019-05-01T18:00:00+00:00,15.2,84.2,100.0,950.0,Extremely Severe Cyclonic Storm,1,3DIMG_L1C_SGP
2019116N02090,FANI,2019,2019-05-01T21:00:00+00:00,2019-05-01T21:00:00+00:00,15.5,84.3,100.0,950.0,Extremely Severe Cyclonic Storm,1,3DIMG_L1C_SGP
2019116N02090,FANI,2019,2019-05-02T00:00:00+00:00,2019-05-02T00:00:00+00:00,15.9,84.6,105.0,945.0,Extremely Severe Cyclonic Storm,1,3DIMG_L1C_SGP
2019116N02090,FANI,2019,2019-05-02T03:00:00+00:00,2019-05-02T03:00:00+00:00,16.2,84.7,105.0,945.0,Extremely Severe Cyclonic Storm,1,3DIMG_L1C_SGP
2019116N02090,FANI,2019,2019-05-02T06:00:00+00:00,2019-05-02T06:00:00+00:00,16.8,84.8,110.0,940.0,Extremely Severe Cyclonic Storm,1,3DIMG_L1C_SGP
2019116N02090,FANI,2019,2019-05-02T09:00:00+00:00,2019-05-02T09:00:00+00:00,17.2,84.8,115.0,932.0,Extremely Severe Cyclonic Storm,1,3DIMG_L1C_SGP
2019116N02090,FANI,2019,2019-05-02T12:00:00+00:00,2019-05-02T12:00:00+00:00,17.6,84.8,115.0,932.0,Extremely Severe Cyclonic Storm,1,3DIMG_L1C_SGP
2019116N02090,FANI,2019,2019-05-02T15:00:00+00:00,2019-05-02T15:00:00+00:00,17.9,84.9,115.0,934.0,Extremely Severe Cyclonic Storm,1,3DIMG_L1C_SGP
2019116N02090,FANI,2019,2019-05-02T18:00:00+00:00,2019-05-02T18:00:00+00:00,18.3,85.0,115.0,934.0,Extremely Severe Cyclonic Storm,1,3DIMG_L1C_SGP
2019116N02090,FANI,2019,2019-05-02T21:00:00+00:00,2019-05-02T21:00:00+00:00,18.6,85.2,115.0,934.0,Extremely Severe Cyclonic Storm,1,3DIMG_L1C_SGP
2019116N02090,FANI,2019,2019-05-03T00:00:00+00:00,2019-05-03T00:00:00+00:00,19.1,85.5,105.0,945.0,Extremely Severe Cyclonic Storm,1,3DIMG_L1C_SGP
2019116N02090,FANI,2019,2019-05-03T03:00:00+00:00,2019-05-03T03:00:00+00:00,19.6,85.7,100.0,952.0,Extremely Severe Cyclonic Storm,1,3DIMG_L1C_SGP
2019116N02090,FANI,2019,2019-05-03T06:00:00+00:00,2019-05-03T06:00:00+00:00,20.2,85.9,85.0,966.0,Very Severe Cyclonic Storm,1,3DIMG_L1C_SGP
2019116N02090,FANI,2019,2019-05-03T09:00:00+00:00,2019-05-03T09:00:00+00:00,20.7,86.1,75.0,970.0,Very Severe Cyclonic Storm,1,3DIMG_L1C_SGP
2019116N02090,FANI,2019,2019-05-03T12:00:00+00:00,2019-05-03T12:00:00+00:00,21.2,86.5,70.0,976.0,Very Severe Cyclonic Storm,1,3DIMG_L1C_SGP
2019116N02090,FANI,2019,2019-05-03T15:00:00+00:00,2019-05-03T15:00:00+00:00,21.6,86.9,60.0,980.0,Severe Cyclonic Storm,1,3DIMG_L1C_SGP
2019116N02090,FANI,2019,2019-05-03T18:00:00+00:00,2019-05-03T18:00:00+00:00,22.1,87.4,55.0,984.0,Severe Cyclonic Storm,1,3DIMG_L1C_SGP
2019116N02090,FANI,2019,2019-05-03T21:00:00+00:00,2019-05-03T21:00:00+00:00,22.6,88.1,50.0,986.0,Severe Cyclonic Storm,1,3DIMG_L1C_SGP
2019116N02090,FANI,2019,2019-05-04T00:00:00+00:00,2019-05-04T00:00:00+00:00,23.2,88.5,40.0,994.0,Cyclonic Storm,1,3DIMG_L1C_SGP
2019116N02090,FANI,2019,2019-05-04T03:00:00+00:00,2019-05-04T03:00:00+00:00,23.7,89.0,30.0,996.0,Deep Depression,1,3DIMG_L1C_SGP
2019116N02090,FANI,2019,2019-05-04T06:00:00+00:00,2019-05-04T06:00:00+00:00,24.4,89.5,25.0,998.0,Depression,1,3DIMG_L1C_SGP
2019116N02090,FANI,2019,2019-05-04T09:00:00+00:00,2019-05-04T09:00:00+00:00,24.8,89.9,,,Unknown,1,3DIMG_L1C_SGP
2019116N02090,FANI,2019,2019-05-04T12:00:00+00:00,2019-05-04T12:00:00+00:00,25.2,90.7,20.0,1000.0,Depression,1,3DIMG_L1C_SGP
2023293N12089,HAMOON,2023,2023-10-20T06:00:00+00:00,2023-10-20T06:00:00+00:00,12.4,88.6,,,Unknown,1,3DIMG_L1C_SGP
2023293N12089,HAMOON,2023,2023-10-20T09:00:00+00:00,2023-10-20T09:00:00+00:00,12.6,88.5,,,Unknown,1,3DIMG_L1C_SGP
2023293N12089,HAMOON,2023,2023-10-20T12:00:00+00:00,2023-10-20T12:00:00+00:00,12.7,88.4,,,Unknown,1,3DIMG_L1C_SGP
2023293N12089,HAMOON,2023,2023-10-20T15:00:00+00:00,2023-10-20T15:00:00+00:00,12.7,88.2,,,Unknown,1,3DIMG_L1C_SGP
2023293N12089,HAMOON,2023,2023-10-20T18:00:00+00:00,2023-10-20T18:00:00+00:00,12.8,88.0,,,Unknown,1,3DIMG_L1C_SGP
2023293N12089,HAMOON,2023,2023-10-20T21:00:00+00:00,2023-10-20T21:00:00+00:00,13.0,87.8,,,Unknown,1,3DIMG_L1C_SGP
2023293N12089,HAMOON,2023,2023-10-21T00:00:00+00:00,2023-10-21T00:00:00+00:00,13.2,87.5,,,Unknown,1,3DIMG_L1C_SGP
2023293N12089,HAMOON,2023,2023-10-21T03:00:00+00:00,2023-10-21T03:00:00+00:00,13.4,87.3,,,Unknown,1,3DIMG_L1C_SGP
2023293N12089,HAMOON,2023,2023-10-21T06:00:00+00:00,2023-10-21T06:00:00+00:00,13.6,87.1,,,Unknown,1,3DIMG_L1C_SGP
2023293N12089,HAMOON,2023,2023-10-21T09:00:00+00:00,2023-10-21T09:00:00+00:00,14.1,86.5,,,Unknown,1,3DIMG_L1C_SGP
2023293N12089,HAMOON,2023,2023-10-21T12:00:00+00:00,2023-10-21T12:00:00+00:00,14.6,86.0,,,Unknown,1,3DIMG_L1C_SGP
2023293N12089,HAMOON,2023,2023-10-21T15:00:00+00:00,2023-10-21T15:00:00+00:00,15.0,85.8,,,Unknown,1,3DIMG_L1C_SGP
2023293N12089,HAMOON,2023,2023-10-21T18:00:00+00:00,2023-10-21T18:00:00+00:00,15.1,86.0,25.0,1003.0,Depression,1,3DIMG_L1C_SGP
2023293N12089,HAMOON,2023,2023-10-21T21:00:00+00:00,2023-10-21T21:00:00+00:00,15.2,86.1,25.0,1003.0,Depression,1,3DIMG_L1C_SGP
2023293N12089,HAMOON,2023,2023-10-22T00:00:00+00:00,2023-10-22T00:00:00+00:00,15.2,86.2,25.0,1003.0,Depression,1,3DIMG_L1C_SGP
2023293N12089,HAMOON,2023,2023-10-22T03:00:00+00:00,2023-10-22T03:00:00+00:00,15.3,86.2,25.0,1003.0,Depression,1,3DIMG_L1C_SGP
2023293N12089,HAMOON,2023,2023-10-22T06:00:00+00:00,2023-10-22T06:00:00+00:00,15.5,86.3,25.0,1003.0,Depression,1,3DIMG_L1C_SGP
2023293N12089,HAMOON,2023,2023-10-22T09:00:00+00:00,2023-10-22T09:00:00+00:00,15.7,86.4,25.0,1002.0,Depression,1,3DIMG_L1C_SGP
2023293N12089,HAMOON,2023,2023-10-22T12:00:00+00:00,2023-10-22T12:00:00+00:00,15.9,86.6,30.0,1001.0,Deep Depression,1,3DIMG_L1C_SGP
2023293N12089,HAMOON,2023,2023-10-22T15:00:00+00:00,2023-10-22T15:00:00+00:00,16.2,86.7,30.0,1001.0,Deep Depression,1,3DIMG_L1C_SGP
2023293N12089,HAMOON,2023,2023-10-22T18:00:00+00:00,2023-10-22T18:00:00+00:00,16.2,86.8,30.0,1001.0,Deep Depression,1,3DIMG_L1C_SGP
2023293N12089,HAMOON,2023,2023-10-22T21:00:00+00:00,2023-10-22T21:00:00+00:00,16.4,86.8,30.0,1001.0,Deep Depression,1,3DIMG_L1C_SGP
2023293N12089,HAMOON,2023,2023-10-23T00:00:00+00:00,2023-10-23T00:00:00+00:00,16.8,86.9,30.0,1001.0,Deep Depression,1,3DIMG_L1C_SGP
2023293N12089,HAMOON,2023,2023-10-23T03:00:00+00:00,2023-10-23T03:00:00+00:00,17.1,86.9,30.0,1001.0,Deep Depression,1,3DIMG_L1C_SGP
2023293N12089,HAMOON,2023,2023-10-23T06:00:00+00:00,2023-10-23T06:00:00+00:00,17.5,87.0,30.0,1000.0,Deep Depression,1,3DIMG_L1C_SGP
2023293N12089,HAMOON,2023,2023-10-23T09:00:00+00:00,2023-10-23T09:00:00+00:00,17.9,87.2,30.0,1000.0,Deep Depression,1,3DIMG_L1C_SGP
2023293N12089,HAMOON,2023,2023-10-23T12:00:00+00:00,2023-10-23T12:00:00+00:00,18.4,87.4,35.0,999.0,Cyclonic Storm,1,3DIMG_L1C_SGP
2023293N12089,HAMOON,2023,2023-10-23T15:00:00+00:00,2023-10-23T15:00:00+00:00,18.8,87.8,40.0,998.0,Cyclonic Storm,1,3DIMG_L1C_SGP
2023293N12089,HAMOON,2023,2023-10-23T18:00:00+00:00,2023-10-23T18:00:00+00:00,19.2,88.2,40.0,998.0,Cyclonic Storm,1,3DIMG_L1C_SGP
2023293N12089,HAMOON,2023,2023-10-23T21:00:00+00:00,2023-10-23T21:00:00+00:00,19.4,88.6,50.0,994.0,Severe Cyclonic Storm,1,3DIMG_L1C_SGP
2023293N12089,HAMOON,2023,2023-10-24T00:00:00+00:00,2023-10-24T00:00:00+00:00,19.7,89.0,55.0,990.0,Severe Cyclonic Storm,1,3DIMG_L1C_SGP
2023293N12089,HAMOON,2023,2023-10-24T03:00:00+00:00,2023-10-24T03:00:00+00:00,20.0,89.6,65.0,984.0,Very Severe Cyclonic Storm,1,3DIMG_L1C_SGP
2023293N12089,HAMOON,2023,2023-10-24T06:00:00+00:00,2023-10-24T06:00:00+00:00,20.3,90.2,65.0,985.0,Very Severe Cyclonic Storm,1,3DIMG_L1C_SGP
2023293N12089,HAMOON,2023,2023-10-24T09:00:00+00:00,2023-10-24T09:00:00+00:00,20.7,90.8,65.0,986.0,Very Severe Cyclonic Storm,1,3DIMG_L1C_SGP
2023293N12089,HAMOON,2023,2023-10-24T12:00:00+00:00,2023-10-24T12:00:00+00:00,21.0,91.2,55.0,988.0,Severe Cyclonic Storm,1,3DIMG_L1C_SGP
2023293N12089,HAMOON,2023,2023-10-24T15:00:00+00:00,2023-10-24T15:00:00+00:00,20.9,91.0,55.0,990.0,Severe Cyclonic Storm,1,3DIMG_L1C_SGP
2023293N12089,HAMOON,2023,2023-10-24T18:00:00+00:00,2023-10-24T18:00:00+00:00,20.9,90.8,50.0,994.0,Severe Cyclonic Storm,1,3DIMG_L1C_SGP
2023293N12089,HAMOON,2023,2023-10-24T21:00:00+00:00,2023-10-24T21:00:00+00:00,21.5,91.5,45.0,996.0,Cyclonic Storm,1,3DIMG_L1C_SGP
2023293N12089,HAMOON,2023,2023-10-25T00:00:00+00:00,2023-10-25T00:00:00+00:00,22.2,92.2,35.0,999.0,Cyclonic Storm,1,3DIMG_L1C_SGP
2023293N12089,HAMOON,2023,2023-10-25T03:00:00+00:00,2023-10-25T03:00:00+00:00,22.5,92.4,30.0,1003.0,Deep Depression,1,3DIMG_L1C_SGP
2023293N12089,HAMOON,2023,2023-10-25T06:00:00+00:00,2023-10-25T06:00:00+00:00,22.7,92.5,25.0,1004.0,Depression,1,3DIMG_L1C_SGP
2023334N08088,MICHAUNG,2023,2023-11-30T06:00:00+00:00,2023-11-30T06:00:00+00:00,7.5,88.0,,,Unknown,1,3DIMG_L1C_SGP
2023334N08088,MICHAUNG,2023,2023-11-30T09:00:00+00:00,2023-11-30T09:00:00+00:00,7.9,87.6,,,Unknown,1,3DIMG_L1C_SGP
2023334N08088,MICHAUNG,2023,2023-11-30T12:00:00+00:00,2023-11-30T12:00:00+00:00,8.2,87.2,,,Unknown,1,3DIMG_L1C_SGP
2023334N08088,MICHAUNG,2023,2023-11-30T15:00:00+00:00,2023-11-30T15:00:00+00:00,8.3,86.8,,,Unknown,1,3DIMG_L1C_SGP
2023334N08088,MICHAUNG,2023,2023-11-30T18:00:00+00:00,2023-11-30T18:00:00+00:00,8.4,86.4,,,Unknown,1,3DIMG_L1C_SGP
2023334N08088,MICHAUNG,2023,2023-11-30T21:00:00+00:00,2023-11-30T21:00:00+00:00,8.5,86.0,,,Unknown,1,3DIMG_L1C_SGP
2023334N08088,MICHAUNG,2023,2023-12-01T00:00:00+00:00,2023-12-01T00:00:00+00:00,8.8,85.8,20.0,1002.0,Depression,1,3DIMG_L1C_SGP
2023334N08088,MICHAUNG,2023,2023-12-01T03:00:00+00:00,2023-12-01T03:00:00+00:00,9.0,85.6,20.0,1002.0,Depression,1,3DIMG_L1C_SGP
2023334N08088,MICHAUNG,2023,2023-12-01T06:00:00+00:00,2023-12-01T06:00:00+00:00,9.2,85.4,25.0,1002.0,Depression,1,3DIMG_L1C_SGP
2023334N08088,MICHAUNG,2023,2023-12-01T09:00:00+00:00,2023-12-01T09:00:00+00:00,9.5,85.3,,,Unknown,1,3DIMG_L1C_SGP
2023334N08088,MICHAUNG,2023,2023-12-01T12:00:00+00:00,2023-12-01T12:00:00+00:00,9.7,85.1,25.0,1001.0,Depression,1,3DIMG_L1C_SGP
2023334N08088,MICHAUNG,2023,2023-12-01T15:00:00+00:00,2023-12-01T15:00:00+00:00,9.8,85.0,,,Unknown,1,3DIMG_L1C_SGP
2023334N08088,MICHAUNG,2023,2023-12-01T18:00:00+00:00,2023-12-01T18:00:00+00:00,9.9,84.8,25.0,1000.0,Depression,1,3DIMG_L1C_SGP
2023334N08088,MICHAUNG,2023,2023-12-01T21:00:00+00:00,2023-12-01T21:00:00+00:00,9.9,84.5,,,Unknown,1,3DIMG_L1C_SGP
2023334N08088,MICHAUNG,2023,2023-12-02T00:00:00+00:00,2023-12-02T00:00:00+00:00,10.1,84.1,30.0,998.0,Deep Depression,1,3DIMG_L1C_SGP
2023334N08088,MICHAUNG,2023,2023-12-02T03:00:00+00:00,2023-12-02T03:00:00+00:00,10.2,83.8,30.0,997.0,Deep Depression,1,3DIMG_L1C_SGP
2023334N08088,MICHAUNG,2023,2023-12-02T06:00:00+00:00,2023-12-02T06:00:00+00:00,10.3,83.6,30.0,997.0,Deep Depression,1,3DIMG_L1C_SGP
2023334N08088,MICHAUNG,2023,2023-12-02T09:00:00+00:00,2023-12-02T09:00:00+00:00,10.4,83.5,,,Unknown,1,3DIMG_L1C_SGP
2023334N08088,MICHAUNG,2023,2023-12-02T12:00:00+00:00,2023-12-02T12:00:00+00:00,10.5,83.5,30.0,997.0,Deep Depression,1,3DIMG_L1C_SGP
2023334N08088,MICHAUNG,2023,2023-12-02T15:00:00+00:00,2023-12-02T15:00:00+00:00,10.7,83.3,,,Unknown,1,3DIMG_L1C_SGP
2023334N08088,MICHAUNG,2023,2023-12-02T18:00:00+00:00,2023-12-02T18:00:00+00:00,10.8,83.1,30.0,996.0,Deep Depression,1,3DIMG_L1C_SGP
2023334N08088,MICHAUNG,2023,2023-12-02T21:00:00+00:00,2023-12-02T21:00:00+00:00,11.0,83.0,,,Unknown,1,3DIMG_L1C_SGP
2023334N08088,MICHAUNG,2023,2023-12-03T00:00:00+00:00,2023-12-03T00:00:00+00:00,11.3,82.9,35.0,995.0,Cyclonic Storm,1,3DIMG_L1C_SGP
2023334N08088,MICHAUNG,2023,2023-12-03T03:00:00+00:00,2023-12-03T03:00:00+00:00,11.5,82.7,35.0,995.0,Cyclonic Storm,1,3DIMG_L1C_SGP
2023334N08088,MICHAUNG,2023,2023-12-03T06:00:00+00:00,2023-12-03T06:00:00+00:00,11.9,82.5,35.0,995.0,Cyclonic Storm,1,3DIMG_L1C_SGP
2023334N08088,MICHAUNG,2023,2023-12-03T09:00:00+00:00,2023-12-03T09:00:00+00:00,12.1,82.4,35.0,995.0,Cyclonic Storm,1,3DIMG_L1C_SGP
2023334N08088,MICHAUNG,2023,2023-12-03T12:00:00+00:00,2023-12-03T12:00:00+00:00,12.3,82.3,35.0,995.0,Cyclonic Storm,1,3DIMG_L1C_SGP
2023334N08088,MICHAUNG,2023,2023-12-03T15:00:00+00:00,2023-12-03T15:00:00+00:00,12.5,82.1,40.0,994.0,Cyclonic Storm,1,3DIMG_L1C_SGP
2023334N08088,MICHAUNG,2023,2023-12-03T18:00:00+00:00,2023-12-03T18:00:00+00:00,12.8,81.8,45.0,992.0,Cyclonic Storm,1,3DIMG_L1C_SGP
2023334N08088,MICHAUNG,2023,2023-12-03T21:00:00+00:00,2023-12-03T21:00:00+00:00,12.9,81.6,45.0,992.0,Cyclonic Storm,1,3DIMG_L1C_SGP
2023334N08088,MICHAUNG,2023,2023-12-04T00:00:00+00:00,2023-12-04T00:00:00+00:00,13.1,81.4,45.0,992.0,Cyclonic Storm,1,3DIMG_L1C_SGP
2023334N08088,MICHAUNG,2023,2023-12-04T03:00:00+00:00,2023-12-04T03:00:00+00:00,13.3,81.1,50.0,988.0,Severe Cyclonic Storm,1,3DIMG_L1C_SGP
2023334N08088,MICHAUNG,2023,2023-12-04T06:00:00+00:00,2023-12-04T06:00:00+00:00,13.5,80.9,50.0,988.0,Severe Cyclonic Storm,1,3DIMG_L1C_SGP
2023334N08088,MICHAUNG,2023,2023-12-04T09:00:00+00:00,2023-12-04T09:00:00+00:00,13.7,80.7,50.0,988.0,Severe Cyclonic Storm,1,3DIMG_L1C_SGP
2023334N08088,MICHAUNG,2023,2023-12-04T12:00:00+00:00,2023-12-04T12:00:00+00:00,14.0,80.6,55.0,986.0,Severe Cyclonic Storm,1,3DIMG_L1C_SGP
2023334N08088,MICHAUNG,2023,2023-12-04T15:00:00+00:00,2023-12-04T15:00:00+00:00,14.2,80.4,55.0,986.0,Severe Cyclonic Storm,1,3DIMG_L1C_SGP
2023334N08088,MICHAUNG,2023,2023-12-04T18:00:00+00:00,2023-12-04T18:00:00+00:00,14.4,80.3,55.0,986.0,Severe Cyclonic Storm,1,3DIMG_L1C_SGP
2023334N08088,MICHAUNG,2023,2023-12-04T21:00:00+00:00,2023-12-04T21:00:00+00:00,14.6,80.2,55.0,986.0,Severe Cyclonic Storm,1,3DIMG_L1C_SGP
2023334N08088,MICHAUNG,2023,2023-12-05T00:00:00+00:00,2023-12-05T00:00:00+00:00,14.9,80.1,50.0,988.0,Severe Cyclonic Storm,1,3DIMG_L1C_SGP
2023334N08088,MICHAUNG,2023,2023-12-05T03:00:00+00:00,2023-12-05T03:00:00+00:00,15.2,80.1,50.0,988.0,Severe Cyclonic Storm,1,3DIMG_L1C_SGP
2023334N08088,MICHAUNG,2023,2023-12-05T06:00:00+00:00,2023-12-05T06:00:00+00:00,15.6,80.2,50.0,988.0,Severe Cyclonic Storm,1,3DIMG_L1C_SGP
2023334N08088,MICHAUNG,2023,2023-12-05T09:00:00+00:00,2023-12-05T09:00:00+00:00,15.8,80.2,50.0,990.0,Severe Cyclonic Storm,1,3DIMG_L1C_SGP
2023334N08088,MICHAUNG,2023,2023-12-05T12:00:00+00:00,2023-12-05T12:00:00+00:00,16.0,80.2,40.0,996.0,Cyclonic Storm,1,3DIMG_L1C_SGP
2023334N08088,MICHAUNG,2023,2023-12-05T15:00:00+00:00,2023-12-05T15:00:00+00:00,16.4,80.3,35.0,998.0,Cyclonic Storm,1,3DIMG_L1C_SGP
2023334N08088,MICHAUNG,2023,2023-12-05T18:00:00+00:00,2023-12-05T18:00:00+00:00,16.9,80.4,30.0,1000.0,Deep Depression,1,3DIMG_L1C_SGP
2023334N08088,MICHAUNG,2023,2023-12-05T21:00:00+00:00,2023-12-05T21:00:00+00:00,17.1,80.5,,,Unknown,1,3DIMG_L1C_SGP
2023334N08088,MICHAUNG,2023,2023-12-06T00:00:00+00:00,2023-12-06T00:00:00+00:00,17.3,80.6,20.0,1004.0,Depression,1,3DIMG_L1C_SGP
2023334N08088,MICHAUNG,2023,2023-12-06T03:00:00+00:00,2023-12-06T03:00:00+00:00,17.7,80.8,,,Unknown,1,3DIMG_L1C_SGP
2023334N08088,MICHAUNG,2023,2023-12-06T06:00:00+00:00,2023-12-06T06:00:00+00:00,18.3,81.1,,,Unknown,1,3DIMG_L1C_SGP
2020327N08086,NIVAR,2020,2020-11-22T06:00:00+00:00,2020-11-22T06:00:00+00:00,7.8,86.1,,,Unknown,1,3DIMG_L1C_SGP
2020327N08086,NIVAR,2020,2020-11-22T09:00:00+00:00,2020-11-22T09:00:00+00:00,8.2,85.9,,,Unknown,1,3DIMG_L1C_SGP
2020327N08086,NIVAR,2020,2020-11-22T12:00:00+00:00,2020-11-22T12:00:00+00:00,8.5,85.6,,,Unknown,1,3DIMG_L1C_SGP
2020327N08086,NIVAR,2020,2020-11-22T15:00:00+00:00,2020-11-22T15:00:00+00:00,8.8,85.3,,,Unknown,1,3DIMG_L1C_SGP
2020327N08086,NIVAR,2020,2020-11-22T18:00:00+00:00,2020-11-22T18:00:00+00:00,9.0,85.1,,,Unknown,1,3DIMG_L1C_SGP
2020327N08086,NIVAR,2020,2020-11-22T21:00:00+00:00,2020-11-22T21:00:00+00:00,9.0,85.0,25.0,1002.0,Depression,1,3DIMG_L1C_SGP
2020327N08086,NIVAR,2020,2020-11-23T00:00:00+00:00,2020-11-23T00:00:00+00:00,9.3,84.6,25.0,1002.0,Depression,1,3DIMG_L1C_SGP
2020327N08086,NIVAR,2020,2020-11-23T03:00:00+00:00,2020-11-23T03:00:00+00:00,9.5,84.2,25.0,1002.0,Depression,1,3DIMG_L1C_SGP
2020327N08086,NIVAR,2020,2020-11-23T06:00:00+00:00,2020-11-23T06:00:00+00:00,9.6,84.0,25.0,1001.0,Depression,1,3DIMG_L1C_SGP
2020327N08086,NIVAR,2020,2020-11-23T09:00:00+00:00,2020-11-23T09:00:00+00:00,9.7,83.8,,,Unknown,1,3DIMG_L1C_SGP
2020327N08086,NIVAR,2020,2020-11-23T12:00:00+00:00,2020-11-23T12:00:00+00:00,9.9,83.6,30.0,999.0,Deep Depression,1,3DIMG_L1C_SGP
2020327N08086,NIVAR,2020,2020-11-23T15:00:00+00:00,2020-11-23T15:00:00+00:00,9.9,83.5,,,Unknown,1,3DIMG_L1C_SGP
2020327N08086,NIVAR,2020,2020-11-23T18:00:00+00:00,2020-11-23T18:00:00+00:00,10.0,83.5,30.0,998.0,Deep Depression,1,3DIMG_L1C_SGP
2020327N08086,NIVAR,2020,2020-11-23T21:00:00+00:00,2020-11-23T21:00:00+00:00,9.9,83.3,,,Unknown,1,3DIMG_L1C_SGP
2020327N08086,NIVAR,2020,2020-11-24T00:00:00+00:00,2020-11-24T00:00:00+00:00,9.8,83.2,35.0,997.0,Cyclonic Storm,1,3DIMG_L1C_SGP
2020327N08086,NIVAR,2020,2020-11-24T03:00:00+00:00,2020-11-24T03:00:00+00:00,9.8,83.1,35.0,997.0,Cyclonic Storm,1,3DIMG_L1C_SGP
2020327N08086,NIVAR,2020,2020-11-24T06:00:00+00:00,2020-11-24T06:00:00+00:00,9.8,83.0,40.0,994.0,Cyclonic Storm,1,3DIMG_L1C_SGP
2020327N08086,NIVAR,2020,2020-11-24T09:00:00+00:00,2020-11-24T09:00:00+00:00,9.9,82.9,45.0,992.0,Cyclonic Storm,1,3DIMG_L1C_SGP
2020327N08086,NIVAR,2020,2020-11-24T12:00:00+00:00,2020-11-24T12:00:00+00:00,10.0,82.8,45.0,992.0,Cyclonic Storm,1,3DIMG_L1C_SGP
2020327N08086,NIVAR,2020,2020-11-24T15:00:00+00:00,2020-11-24T15:00:00+00:00,10.1,82.7,45.0,992.0,Cyclonic Storm,1,3DIMG_L1C_SGP
2020327N08086,NIVAR,2020,2020-11-24T18:00:00+00:00,2020-11-24T18:00:00+00:00,10.2,82.6,50.0,990.0,Severe Cyclonic Storm,1,3DIMG_L1C_SGP
2020327N08086,NIVAR,2020,2020-11-24T21:00:00+00:00,2020-11-24T21:00:00+00:00,10.4,82.4,55.0,988.0,Severe Cyclonic Storm,1,3DIMG_L1C_SGP
2020327N08086,NIVAR,2020,2020-11-25T00:00:00+00:00,2020-11-25T00:00:00+00:00,10.6,82.2,60.0,986.0,Severe Cyclonic Storm,1,3DIMG_L1C_SGP
2020327N08086,NIVAR,2020,2020-11-25T03:00:00+00:00,2020-11-25T03:00:00+00:00,10.8,81.8,60.0,986.0,Severe Cyclonic Storm,1,3DIMG_L1C_SGP
2020327N08086,NIVAR,2020,2020-11-25T06:00:00+00:00,2020-11-25T06:00:00+00:00,11.1,81.4,60.0,986.0,Severe Cyclonic Storm,1,3DIMG_L1C_SGP
2020327N08086,NIVAR,2020,2020-11-25T09:00:00+00:00,2020-11-25T09:00:00+00:00,11.3,81.1,65.0,982.0,Very Severe Cyclonic Storm,1,3DIMG_L1C_SGP
2020327N08086,NIVAR,2020,2020-11-25T12:00:00+00:00,2020-11-25T12:00:00+00:00,11.5,80.9,65.0,982.0,Very Severe Cyclonic Storm,1,3DIMG_L1C_SGP
2020327N08086,NIVAR,2020,2020-11-25T15:00:00+00:00,2020-11-25T15:00:00+00:00,11.8,80.6,65.0,982.0,Very Severe Cyclonic Storm,1,3DIMG_L1C_SGP
2020327N08086,NIVAR,2020,2020-11-25T18:00:00+00:00,2020-11-25T18:00:00+00:00,12.0,80.4,65.0,982.0,Very Severe Cyclonic Storm,1,3DIMG_L1C_SGP
2020327N08086,NIVAR,2020,2020-11-25T21:00:00+00:00,2020-11-25T21:00:00+00:00,12.2,80.1,60.0,986.0,Severe Cyclonic Storm,1,3DIMG_L1C_SGP
2020327N08086,NIVAR,2020,2020-11-26T00:00:00+00:00,2020-11-26T00:00:00+00:00,12.5,80.0,50.0,992.0,Severe Cyclonic Storm,1,3DIMG_L1C_SGP
2020327N08086,NIVAR,2020,2020-11-26T03:00:00+00:00,2020-11-26T03:00:00+00:00,12.7,79.7,40.0,996.0,Cyclonic Storm,1,3DIMG_L1C_SGP
2020327N08086,NIVAR,2020,2020-11-26T06:00:00+00:00,2020-11-26T06:00:00+00:00,13.0,79.6,35.0,998.0,Cyclonic Storm,1,3DIMG_L1C_SGP
2020327N08086,NIVAR,2020,2020-11-26T09:00:00+00:00,2020-11-26T09:00:00+00:00,13.3,79.6,30.0,999.0,Deep Depression,1,3DIMG_L1C_SGP
2020327N08086,NIVAR,2020,2020-11-26T12:00:00+00:00,2020-11-26T12:00:00+00:00,13.5,79.8,30.0,1000.0,Deep Depression,1,3DIMG_L1C_SGP
2020327N08086,NIVAR,2020,2020-11-26T15:00:00+00:00,2020-11-26T15:00:00+00:00,13.6,80.0,,,Unknown,1,3DIMG_L1C_SGP
2020327N08086,NIVAR,2020,2020-11-26T18:00:00+00:00,2020-11-26T18:00:00+00:00,13.8,80.3,20.0,1002.0,Depression,1,3DIMG_L1C_SGP
2020327N08086,NIVAR,2020,2020-11-26T21:00:00+00:00,2020-11-26T21:00:00+00:00,13.8,80.6,,,Unknown,1,3DIMG_L1C_SGP
2020327N08086,NIVAR,2020,2020-11-27T00:00:00+00:00,2020-11-27T00:00:00+00:00,14.0,80.7,,,Unknown,1,3DIMG_L1C_SGP
2020327N08086,NIVAR,2020,2020-11-27T03:00:00+00:00,2020-11-27T03:00:00+00:00,14.2,80.6,,,Unknown,1,3DIMG_L1C_SGP
2020327N08086,NIVAR,2020,2020-11-27T06:00:00+00:00,2020-11-27T06:00:00+00:00,14.4,80.5,,,Unknown,1,3DIMG_L1C_SGP
2020327N08086,NIVAR,2020,2020-11-27T09:00:00+00:00,2020-11-27T09:00:00+00:00,14.7,80.3,,,Unknown,1,3DIMG_L1C_SGP
2020327N08086,NIVAR,2020,2020-11-27T12:00:00+00:00,2020-11-27T12:00:00+00:00,15.0,80.1,,,Unknown,1,3DIMG_L1C_SGP
2021133N10071,TAUKTAE,2021,2021-05-13T06:00:00+00:00,2021-05-13T06:00:00+00:00,10.0,70.9,,,Unknown,1,3DIMG_L1C_SGP
2021133N10071,TAUKTAE,2021,2021-05-13T09:00:00+00:00,2021-05-13T09:00:00+00:00,10.1,71.1,,,Unknown,1,3DIMG_L1C_SGP
2021133N10071,TAUKTAE,2021,2021-05-13T12:00:00+00:00,2021-05-13T12:00:00+00:00,10.2,71.3,,,Unknown,1,3DIMG_L1C_SGP
2021133N10071,TAUKTAE,2021,2021-05-13T15:00:00+00:00,2021-05-13T15:00:00+00:00,10.3,71.4,,,Unknown,1,3DIMG_L1C_SGP
2021133N10071,TAUKTAE,2021,2021-05-13T18:00:00+00:00,2021-05-13T18:00:00+00:00,10.5,71.5,,,Unknown,1,3DIMG_L1C_SGP
2021133N10071,TAUKTAE,2021,2021-05-13T21:00:00+00:00,2021-05-13T21:00:00+00:00,10.7,71.6,,,Unknown,1,3DIMG_L1C_SGP
2021133N10071,TAUKTAE,2021,2021-05-14T00:00:00+00:00,2021-05-14T00:00:00+00:00,10.9,71.8,,,Unknown,1,3DIMG_L1C_SGP
2021133N10071,TAUKTAE,2021,2021-05-14T03:00:00+00:00,2021-05-14T03:00:00+00:00,11.0,72.0,25.0,997.0,Depression,1,3DIMG_L1C_SGP
2021133N10071,TAUKTAE,2021,2021-05-14T06:00:00+00:00,2021-05-14T06:00:00+00:00,11.2,72.2,25.0,996.0,Depression,1,3DIMG_L1C_SGP
2021133N10071,TAUKTAE,2021,2021-05-14T09:00:00+00:00,2021-05-14T09:00:00+00:00,11.5,72.4,30.0,995.0,Deep Depression,1,3DIMG_L1C_SGP
2021133N10071,TAUKTAE,2021,2021-05-14T12:00:00+00:00,2021-05-14T12:00:00+00:00,11.7,72.6,30.0,995.0,Deep Depression,1,3DIMG_L1C_SGP
2021133N10071,TAUKTAE,2021,2021-05-14T15:00:00+00:00,2021-05-14T15:00:00+00:00,12.0,72.7,,,Unknown,1,3DIMG_L1C_SGP
2021133N10071,TAUKTAE,2021,2021-05-14T18:00:00+00:00,2021-05-14T18:00:00+00:00,12.3,72.8,35.0,993.0,Cyclonic Storm,1,3DIMG_L1C_SGP
2021133N10071,TAUKTAE,2021,2021-05-14T21:00:00+00:00,2021-05-14T21:00:00+00:00,12.4,72.8,40.0,992.0,Cyclonic Storm,1,3DIMG_L1C_SGP
2021133N10071,TAUKTAE,2021,2021-05-15T00:00:00+00:00,2021-05-15T00:00:00+00:00,12.8,72.9,40.0,992.0,Cyclonic Storm,1,3DIMG_L1C_SGP
2021133N10071,TAUKTAE,2021,2021-05-15T03:00:00+00:00,2021-05-15T03:00:00+00:00,13.0,72.9,40.0,992.0,Cyclonic Storm,1,3DIMG_L1C_SGP
2021133N10071,TAUKTAE,2021,2021-05-15T06:00:00+00:00,2021-05-15T06:00:00+00:00,13.3,73.0,45.0,990.0,Cyclonic Storm,1,3DIMG_L1C_SGP
2021133N10071,TAUKTAE,2021,2021-05-15T09:00:00+00:00,2021-05-15T09:00:00+00:00,13.6,73.0,45.0,990.0,Cyclonic Storm,1,3DIMG_L1C_SGP
2021133N10071,TAUKTAE,2021,2021-05-15T12:00:00+00:00,2021-05-15T12:00:00+00:00,13.9,73.0,55.0,985.0,Severe Cyclonic Storm,1,3DIMG_L1C_SGP
2021133N10071,TAUKTAE,2021,2021-05-15T15:00:00+00:00,2021-05-15T15:00:00+00:00,14.2,72.9,55.0,984.0,Severe Cyclonic Storm,1,3DIMG_L1C_SGP
2021133N10071,TAUKTAE,2021,2021-05-15T18:00:00+00:00,2021-05-15T18:00:00+00:00,14.5,72.8,60.0,982.0,Severe Cyclonic Storm,1,3DIMG_L1C_SGP
2021133N10071,TAUKTAE,2021,2021-05-15T21:00:00+00:00,2021-05-15T21:00:00+00:00,14.7,72.8,60.0,982.0,Severe Cyclonic Storm,1,3DIMG_L1C_SGP
2021133N10071,TAUKTAE,2021,2021-05-16T00:00:00+00:00,2021-05-16T00:00:00+00:00,15.0,72.8,65.0,979.0,Very Severe Cyclonic Storm,1,3DIMG_L1C_SGP
2021133N10071,TAUKTAE,2021,2021-05-16T03:00:00+00:00,2021-05-16T03:00:00+00:00,15.4,72.8,70.0,976.0,Very Severe Cyclonic Storm,1,3DIMG_L1C_SGP
2021133N10071,TAUKTAE,2021,2021-05-16T06:00:00+00:00,2021-05-16T06:00:00+00:00,15.8,72.8,70.0,976.0,Very Severe Cyclonic Storm,1,3DIMG_L1C_SGP
2021133N10071,TAUKTAE,2021,2021-05-16T09:00:00+00:00,2021-05-16T09:00:00+00:00,16.3,72.7,70.0,976.0,Very Severe Cyclonic Storm,1,3DIMG_L1C_SGP
2021133N10071,TAUKTAE,2021,2021-05-16T12:00:00+00:00,2021-05-16T12:00:00+00:00,16.8,72.5,75.0,972.0,Very Severe Cyclonic Storm,1,3DIMG_L1C_SGP
2021133N10071,TAUKTAE,2021,2021-05-16T15:00:00+00:00,2021-05-16T15:00:00+00:00,17.3,72.3,80.0,968.0,Very Severe Cyclonic Storm,1,3DIMG_L1C_SGP
2021133N10071,TAUKTAE,2021,2021-05-16T18:00:00+00:00,2021-05-16T18:00:00+00:00,17.7,72.0,85.0,964.0,Very Severe Cyclonic Storm,1,3DIMG_L1C_SGP
2021133N10071,TAUKTAE,2021,2021-05-16T21:00:00+00:00,2021-05-16T21:00:00+00:00,18.0,71.8,90.0,960.0,Very Severe Cyclonic Storm,1,3DIMG_L1C_SGP
2021133N10071,TAUKTAE,2021,2021-05-17T00:00:00+00:00,2021-05-17T00:00:00+00:00,18.4,71.7,100.0,950.0,Extremely Severe Cyclonic Storm,1,3DIMG_L1C_SGP
2021133N10071,TAUKTAE,2021,2021-05-17T03:00:00+00:00,2021-05-17T03:00:00+00:00,18.8,71.6,100.0,950.0,Extremely Severe Cyclonic Storm,1,3DIMG_L1C_SGP
2021133N10071,TAUKTAE,2021,2021-05-17T06:00:00+00:00,2021-05-17T06:00:00+00:00,19.3,71.5,100.0,950.0,Extremely Severe Cyclonic Storm,1,3DIMG_L1C_SGP
2021133N10071,TAUKTAE,2021,2021-05-17T09:00:00+00:00,2021-05-17T09:00:00+00:00,19.6,71.4,100.0,950.0,Extremely Severe Cyclonic Storm,1,3DIMG_L1C_SGP
2021133N10071,TAUKTAE,2021,2021-05-17T12:00:00+00:00,2021-05-17T12:00:00+00:00,20.1,71.4,95.0,955.0,Extremely Severe Cyclonic Storm,1,3DIMG_L1C_SGP
2021133N10071,TAUKTAE,2021,2021-05-17T15:00:00+00:00,2021-05-17T15:00:00+00:00,20.5,71.3,90.0,960.0,Very Severe Cyclonic Storm,1,3DIMG_L1C_SGP
2021133N10071,TAUKTAE,2021,2021-05-17T18:00:00+00:00,2021-05-17T18:00:00+00:00,20.9,71.2,85.0,964.0,Very Severe Cyclonic Storm,1,3DIMG_L1C_SGP
2021133N10071,TAUKTAE,2021,2021-05-17T21:00:00+00:00,2021-05-17T21:00:00+00:00,21.2,71.2,75.0,972.0,Very Severe Cyclonic Storm,1,3DIMG_L1C_SGP
2021133N10071,TAUKTAE,2021,2021-05-18T00:00:00+00:00,2021-05-18T00:00:00+00:00,21.5,71.2,65.0,978.0,Very Severe Cyclonic Storm,1,3DIMG_L1C_SGP
2021133N10071,TAUKTAE,2021,2021-05-18T03:00:00+00:00,2021-05-18T03:00:00+00:00,21.7,71.3,55.0,984.0,Severe Cyclonic Storm,1,3DIMG_L1C_SGP
2021133N10071,TAUKTAE,2021,2021-05-18T06:00:00+00:00,2021-05-18T06:00:00+00:00,22.1,71.6,45.0,990.0,Cyclonic Storm,1,3DIMG_L1C_SGP
2021133N10071,TAUKTAE,2021,2021-05-18T09:00:00+00:00,2021-05-18T09:00:00+00:00,22.6,71.7,40.0,992.0,Cyclonic Storm,1,3DIMG_L1C_SGP
2021133N10071,TAUKTAE,2021,2021-05-18T12:00:00+00:00,2021-05-18T12:00:00+00:00,23.2,72.1,35.0,993.0,Cyclonic Storm,1,3DIMG_L1C_SGP
2021133N10071,TAUKTAE,2021,2021-05-18T15:00:00+00:00,2021-05-18T15:00:00+00:00,23.7,72.5,30.0,994.0,Deep Depression,1,3DIMG_L1C_SGP
2021133N10071,TAUKTAE,2021,2021-05-18T18:00:00+00:00,2021-05-18T18:00:00+00:00,24.1,73.1,30.0,995.0,Deep Depression,1,3DIMG_L1C_SGP
2021133N10071,TAUKTAE,2021,2021-05-18T21:00:00+00:00,2021-05-18T21:00:00+00:00,24.4,73.4,,,Unknown,1,3DIMG_L1C_SGP
2021133N10071,TAUKTAE,2021,2021-05-19T00:00:00+00:00,2021-05-19T00:00:00+00:00,24.6,73.6,25.0,996.0,Depression,1,3DIMG_L1C_SGP
2021133N10071,TAUKTAE,2021,2021-05-19T03:00:00+00:00,2021-05-19T03:00:00+00:00,24.9,73.7,20.0,997.0,Depression,1,3DIMG_L1C_SGP
2021133N10071,TAUKTAE,2021,2021-05-19T06:00:00+00:00,2021-05-19T06:00:00+00:00,25.8,74.8,20.0,997.0,Depression,1,3DIMG_L1C_SGP
2021143N15090,YAAS,2021,2021-05-23T00:00:00+00:00,2021-05-23T00:00:00+00:00,15.5,90.0,,,Unknown,1,3DIMG_L1C_SGP
2021143N15090,YAAS,2021,2021-05-23T03:00:00+00:00,2021-05-23T03:00:00+00:00,15.4,89.9,,,Unknown,1,3DIMG_L1C_SGP
2021143N15090,YAAS,2021,2021-05-23T06:00:00+00:00,2021-05-23T06:00:00+00:00,15.6,89.8,25.0,996.0,Depression,1,3DIMG_L1C_SGP
2021143N15090,YAAS,2021,2021-05-23T09:00:00+00:00,2021-05-23T09:00:00+00:00,15.6,89.7,,,Unknown,1,3DIMG_L1C_SGP
2021143N15090,YAAS,2021,2021-05-23T12:00:00+00:00,2021-05-23T12:00:00+00:00,15.7,89.6,25.0,994.0,Depression,1,3DIMG_L1C_SGP
2021143N15090,YAAS,2021,2021-05-23T15:00:00+00:00,2021-05-23T15:00:00+00:00,15.8,89.5,,,Unknown,1,3DIMG_L1C_SGP
2021143N15090,YAAS,2021,2021-05-23T18:00:00+00:00,2021-05-23T18:00:00+00:00,15.8,89.5,30.0,992.0,Deep Depression,1,3DIMG_L1C_SGP
2021143N15090,YAAS,2021,2021-05-23T21:00:00+00:00,2021-05-23T21:00:00+00:00,16.0,89.6,,,Unknown,1,3DIMG_L1C_SGP
2021143N15090,YAAS,2021,2021-05-24T00:00:00+00:00,2021-05-24T00:00:00+00:00,16.1,89.8,35.0,990.0,Cyclonic Storm,1,3DIMG_L1C_SGP
2021143N15090,YAAS,2021,2021-05-24T03:00:00+00:00,2021-05-24T03:00:00+00:00,16.5,89.7,40.0,988.0,Cyclonic Storm,1,3DIMG_L1C_SGP
2021143N15090,YAAS,2021,2021-05-24T06:00:00+00:00,2021-05-24T06:00:00+00:00,16.6,89.6,40.0,988.0,Cyclonic Storm,1,3DIMG_L1C_SGP
2021143N15090,YAAS,2021,2021-05-24T09:00:00+00:00,2021-05-24T09:00:00+00:00,16.9,89.6,40.0,988.0,Cyclonic Storm,1,3DIMG_L1C_SGP
2021143N15090,YAAS,2021,2021-05-24T12:00:00+00:00,2021-05-24T12:00:00+00:00,17.2,89.4,45.0,986.0,Cyclonic Storm,1,3DIMG_L1C_SGP
2021143N15090,YAAS,2021,2021-05-24T15:00:00+00:00,2021-05-24T15:00:00+00:00,17.4,89.2,45.0,986.0,Cyclonic Storm,1,3DIMG_L1C_SGP
2021143N15090,YAAS,2021,2021-05-24T18:00:00+00:00,2021-05-24T18:00:00+00:00,17.6,89.0,50.0,984.0,Severe Cyclonic Storm,1,3DIMG_L1C_SGP
2021143N15090,YAAS,2021,2021-05-24T21:00:00+00:00,2021-05-24T21:00:00+00:00,17.8,88.9,55.0,982.0,Severe Cyclonic Storm,1,3DIMG_L1C_SGP
2021143N15090,YAAS,2021,2021-05-25T00:00:00+00:00,2021-05-25T00:00:00+00:00,18.1,88.6,55.0,980.0,Severe Cyclonic Storm,1,3DIMG_L1C_SGP
2021143N15090,YAAS,2021,2021-05-25T03:00:00+00:00,2021-05-25T03:00:00+00:00,18.4,88.4,55.0,980.0,Severe Cyclonic Storm,1,3DIMG_L1C_SGP
2021143N15090,YAAS,2021,2021-05-25T06:00:00+00:00,2021-05-25T06:00:00+00:00,18.8,88.2,60.0,978.0,Severe Cyclonic Storm,1,3DIMG_L1C_SGP
2021143N15090,YAAS,2021,2021-05-25T09:00:00+00:00,2021-05-25T09:00:00+00:00,19.1,88.2,60.0,978.0,Severe Cyclonic Storm,1,3DIMG_L1C_SGP
2021143N15090,YAAS,2021,2021-05-25T12:00:00+00:00,2021-05-25T12:00:00+00:00,19.5,88.2,65.0,976.0,Very Severe Cyclonic Storm,1,3DIMG_L1C_SGP
2021143N15090,YAAS,2021,2021-05-25T15:00:00+00:00,2021-05-25T15:00:00+00:00,19.9,88.0,65.0,976.0,Very Severe Cyclonic Storm,1,3DIMG_L1C_SGP
2021143N15090,YAAS,2021,2021-05-25T18:00:00+00:00,2021-05-25T18:00:00+00:00,20.3,87.8,70.0,974.0,Very Severe Cyclonic Storm,1,3DIMG_L1C_SGP
2021143N15090,YAAS,2021,2021-05-25T21:00:00+00:00,2021-05-25T21:00:00+00:00,20.4,87.7,75.0,970.0,Very Severe Cyclonic Storm,1,3DIMG_L1C_SGP
2021143N15090,YAAS,2021,2021-05-26T00:00:00+00:00,2021-05-26T00:00:00+00:00,20.6,87.6,75.0,970.0,Very Severe Cyclonic Storm,1,3DIMG_L1C_SGP
2021143N15090,YAAS,2021,2021-05-26T03:00:00+00:00,2021-05-26T03:00:00+00:00,21.1,87.2,75.0,970.0,Very Severe Cyclonic Storm,1,3DIMG_L1C_SGP
2021143N15090,YAAS,2021,2021-05-26T06:00:00+00:00,2021-05-26T06:00:00+00:00,21.5,86.9,75.0,970.0,Very Severe Cyclonic Storm,1,3DIMG_L1C_SGP
2021143N15090,YAAS,2021,2021-05-26T09:00:00+00:00,2021-05-26T09:00:00+00:00,21.7,86.6,55.0,978.0,Severe Cyclonic Storm,1,3DIMG_L1C_SGP
2021143N15090,YAAS,2021,2021-05-26T12:00:00+00:00,2021-05-26T12:00:00+00:00,21.9,86.5,45.0,984.0,Cyclonic Storm,1,3DIMG_L1C_SGP
2021143N15090,YAAS,2021,2021-05-26T15:00:00+00:00,2021-05-26T15:00:00+00:00,22.2,86.1,40.0,986.0,Cyclonic Storm,1,3DIMG_L1C_SGP
2021143N15090,YAAS,2021,2021-05-26T18:00:00+00:00,2021-05-26T18:00:00+00:00,22.5,85.8,30.0,988.0,Deep Depression,1,3DIMG_L1C_SGP
2021143N15090,YAAS,2021,2021-05-26T21:00:00+00:00,2021-05-26T21:00:00+00:00,22.8,85.7,,,Unknown,1,3DIMG_L1C_SGP
2021143N15090,YAAS,2021,2021-05-27T00:00:00+00:00,2021-05-27T00:00:00+00:00,23.1,85.7,30.0,988.0,Deep Depression,1,3DIMG_L1C_SGP
2021143N15090,YAAS,2021,2021-05-27T03:00:00+00:00,2021-05-27T03:00:00+00:00,23.3,85.7,30.0,990.0,Deep Depression,1,3DIMG_L1C_SGP
2021143N15090,YAAS,2021,2021-05-27T06:00:00+00:00,2021-05-27T06:00:00+00:00,23.6,85.6,25.0,991.0,Depression,1,3DIMG_L1C_SGP
2021143N15090,YAAS,2021,2021-05-27T09:00:00+00:00,2021-05-27T09:00:00+00:00,23.9,85.5,,,Unknown,1,3DIMG_L1C_SGP
2021143N15090,YAAS,2021,2021-05-27T12:00:00+00:00,2021-05-27T12:00:00+00:00,24.3,85.3,25.0,992.0,Depression,1,3DIMG_L1C_SGP
2021143N15090,YAAS,2021,2021-05-27T15:00:00+00:00,2021-05-27T15:00:00+00:00,24.5,85.1,,,Unknown,1,3DIMG_L1C_SGP
2021143N15090,YAAS,2021,2021-05-27T18:00:00+00:00,2021-05-27T18:00:00+00:00,24.7,84.8,25.0,992.0,Depression,1,3DIMG_L1C_SGP
